assists,bonus,bps,clean_sheets,creativity,ea_index,element_code,end_cost,goals_conceded,goals_scored,ict_index,id,influence,minutes,own_goals,penalties_missed,penalties_saved,red_cards,saves,season,season_name,start_cost,threat,total_points,yellow_cards
0,0,0,0,0.0,0,61604,50,0,0,0.0,1644,0.0,0,0,0,0,0,0,3,2008/09,50,0.0,0,0
1,0,304,5,0.0,183,61604,44,33,0,0.0,5760,0.0,1895,0,0,0,1,0,9,2014/15,45,0.0,49,2
0,0,0,0,0.0,0,61604,44,0,0,0.0,6472,0.0,0,0,0,0,0,0,10,2015/16,45,0.0,0,0
0,0,3,0,0.0,0,61604,45,0,0,0.0,7359,0.0,1,0,0,0,0,0,11,2016/17,45,0.0,1,0
