assists,bonus,bps,clean_sheets,creativity,ea_index,element_code,end_cost,goals_conceded,goals_scored,ict_index,id,influence,minutes,own_goals,penalties_missed,penalties_saved,red_cards,saves,season,season_name,start_cost,threat,total_points,yellow_cards
9,23,0,9,0.0,485,18987,62,47,6,0.0,4503,0.0,3050,0,0,0,0,0,7,2012/13,60,0.0,152,8
2,10,92,9,0.0,418,18987,58,41,6,0.0,5100,0.0,2569,0,1,0,0,0,8,2013/14,65,0.0,105,6
0,0,4,0,0.0,7,18987,56,0,0,0.0,5757,0.0,39,0,0,0,0,0,9,2014/15,60,0.0,1,0
6,16,503,3,1050.1,0,18987,55,56,7,212.3,7172,550.2,2548,0,0,0,0,0,11,2016/17,55,538.0,133,2
