assists,bonus,bps,clean_sheets,creativity,ea_index,element_code,end_cost,goals_conceded,goals_scored,ict_index,id,influence,minutes,own_goals,penalties_missed,penalties_saved,red_cards,saves,season,season_name,start_cost,threat,total_points,yellow_cards
3,6,0,1,0.0,164,45268,54,25,3,0.0,4548,0.0,1068,0,0,0,0,0,7,2012/13,60,0.0,53,2
6,6,111,10,0.0,539,45268,53,49,3,0.0,5092,0.0,3031,0,0,0,0,0,8,2013/14,60,0.0,109,8
3,11,424,8,0.0,454,45268,58,51,4,0.0,5812,0.0,3029,0,0,0,2,0,9,2014/15,60,0.0,103,7
8,4,517,7,0.0,499,45268,56,62,1,0.0,6505,0.0,3218,0,0,0,0,0,10,2015/16,60,0.0,110,3
3,0,162,4,274.2,0,45268,66,5,0,61.0,7344,133.0,909,0,0,0,0,0,11,2016/17,70,212.0,43,3
