assists,bonus,bps,clean_sheets,creativity,ea_index,element_code,end_cost,goals_conceded,goals_scored,ict_index,id,influence,minutes,own_goals,penalties_missed,penalties_saved,red_cards,saves,season,season_name,start_cost,threat,total_points,yellow_cards
0,0,0,0,0.0,0,111234,40,0,0,0.0,4754,0.0,0,0,0,0,0,0,8,2013/14,40,0.0,0,0
0,0,0,0,0.0,0,111234,40,0,0,0.0,5450,0.0,0,0,0,0,0,0,9,2014/15,40,0.0,0,0
0,0,41,0,0.0,18,111234,39,6,0,0.0,6160,0.0,180,0,0,0,0,11,10,2015/16,40,0.0,4,0
0,9,608,4,40.0,0,111234,42,50,0,97.4,6849,933.0,2610,0,0,0,0,135,11,2016/17,40,0.0,102,0
