assists,bonus,bps,clean_sheets,creativity,ea_index,element_code,end_cost,goals_conceded,goals_scored,ict_index,id,influence,minutes,own_goals,penalties_missed,penalties_saved,red_cards,saves,season,season_name,start_cost,threat,total_points,yellow_cards
1,0,0,1,0.0,18,103912,45,0,0,0.0,4558,0.0,63,0,0,0,0,0,7,2012/13,45,0.0,6,0
0,0,1,0,0.0,-1,103912,39,0,0,0.0,5056,0.0,15,0,0,0,0,0,8,2013/14,45,0.0,1,0
0,0,78,3,0.0,92,103912,43,7,0,0.0,5772,0.0,617,0,0,0,0,0,9,2014/15,45,0.0,21,0
3,4,223,5,0.0,184,103912,44,24,1,0.0,6478,0.0,1177,0,0,0,0,0,10,2015/16,50,0.0,61,0
0,0,133,3,268.3,0,103912,49,22,0,61.5,7127,113.0,1055,0,0,0,0,0,11,2016/17,55,235.0,36,0
