assists,bonus,bps,clean_sheets,creativity,ea_index,element_code,end_cost,goals_conceded,goals_scored,ict_index,id,influence,minutes,own_goals,penalties_missed,penalties_saved,red_cards,saves,season,season_name,start_cost,threat,total_points,yellow_cards
10,18,162,13,0.0,641,37605,96,23,5,0.0,5209,0.0,2141,0,0,0,0,0,8,2013/14,100,0.0,137,0
6,13,511,9,0.0,463,37605,90,16,4,0.0,5688,0.0,1857,0,0,0,0,0,9,2014/15,90,0.0,103,0
19,30,861,17,0.0,783,37605,92,31,6,0.0,6402,0.0,3036,0,0,0,0,0,10,2015/16,85,0.0,200,4
11,19,729,12,1649.3,0,37605,95,30,8,322.0,7107,834.4,2841,0,0,0,0,0,11,2016/17,95,734.0,167,2
