assists,bonus,bps,clean_sheets,creativity,ea_index,element_code,end_cost,goals_conceded,goals_scored,ict_index,id,influence,minutes,own_goals,penalties_missed,penalties_saved,red_cards,saves,season,season_name,start_cost,threat,total_points,yellow_cards
0,0,0,4,0.0,119,78056,45,12,0,0.0,3787,0.0,952,0,0,0,0,0,6,2011/12,50,0.0,27,2
0,0,0,1,0.0,13,78056,41,2,0,0.0,4313,0.0,236,0,0,0,0,0,7,2012/13,45,0.0,8,1
0,0,293,5,0.0,239,78056,42,21,1,0.0,6622,0.0,1612,0,0,0,0,0,10,2015/16,45,0.0,45,7
0,4,566,13,280.5,0,78056,44,42,1,110.7,7242,585.6,3071,0,0,0,0,0,11,2016/17,45,240.0,80,11
