assists,bonus,bps,clean_sheets,creativity,ea_index,element_code,end_cost,goals_conceded,goals_scored,ict_index,id,influence,minutes,own_goals,penalties_missed,penalties_saved,red_cards,saves,season,season_name,start_cost,threat,total_points,yellow_cards
7,6,0,6,0.0,163,84583,71,10,3,0.0,4554,0.0,923,0,0,0,0,0,7,2012/13,65,0.0,70,0
7,4,152,8,0.0,541,84583,85,36,5,0.0,5055,0.0,2327,0,0,0,0,0,8,2013/14,90,0.0,114,1
7,15,558,11,0.0,620,84583,79,43,5,0.0,5771,0.0,2792,0,0,0,0,0,9,2014/15,80,0.0,134,3
6,18,465,10,0.0,459,84583,81,24,8,0.0,6477,0.0,1996,0,0,0,1,0,10,2015/16,80,0.0,129,2
8,21,631,8,1081.8,0,84583,87,27,13,306.5,7191,860.0,2228,0,0,0,0,0,11,2016/17,80,1125.0,171,2
