assists,bonus,bps,clean_sheets,creativity,ea_index,element_code,end_cost,goals_conceded,goals_scored,ict_index,id,influence,minutes,own_goals,penalties_missed,penalties_saved,red_cards,saves,season,season_name,start_cost,threat,total_points,yellow_cards
13,19,0,13,0.0,638,19524,97,37,12,0.0,4505,0.0,3301,0,0,0,0,0,7,2012/13,90,0.0,205,1
8,10,180,16,0.0,668,19524,93,28,4,0.0,4982,0.0,2587,0,0,0,0,0,8,2013/14,100,0.0,128,2
11,23,860,12,0.0,798,19524,84,30,7,0.0,5683,0.0,2990,0,0,0,0,0,9,2014/15,85,0.0,168,5
3,6,303,7,0.0,259,19524,78,12,0,0.0,6403,0.0,1290,0,1,0,1,0,10,2015/16,85,0.0,44,2
2,5,159,4,221.7,0,19524,70,5,2,50.8,7108,198.2,618,0,0,0,0,0,11,2016/17,75,89.0,38,2
