assists,bonus,bps,clean_sheets,creativity,ea_index,element_code,end_cost,goals_conceded,goals_scored,ict_index,id,influence,minutes,own_goals,penalties_missed,penalties_saved,red_cards,saves,season,season_name,start_cost,threat,total_points,yellow_cards
1,1,0,0,0.0,0,21123,49,26,1,0.0,1931,0.0,2002,0,0,0,0,0,3,2008/09,55,0.0,55,4
1,3,0,0,0.0,0,21123,48,39,1,0.0,2553,0.0,2049,0,0,0,0,0,4,2009/10,50,0.0,65,0
0,0,0,0,0.0,0,21123,46,11,2,0.0,3219,0.0,513,0,0,0,0,0,5,2010/11,50,0.0,21,1
1,2,202,5,0.0,127,21123,42,15,0,0.0,6602,0.0,1278,0,0,0,1,0,10,2015/16,45,0.0,37,3
0,0,258,5,101.9,0,21123,45,39,0,33.6,7289,208.2,2030,0,0,0,0,0,11,2016/17,45,24.0,48,7
