assists,bonus,bps,clean_sheets,creativity,ea_index,element_code,end_cost,goals_conceded,goals_scored,ict_index,id,influence,minutes,own_goals,penalties_missed,penalties_saved,red_cards,saves,season,season_name,start_cost,threat,total_points,yellow_cards
4,21,180,6,0.0,575,57001,73,41,17,0.0,5322,0.0,2469,0,0,0,0,0,8,2013/14,80,0.0,158,4
3,14,389,8,0.0,448,57001,81,19,11,0.0,6046,0.0,1598,0,0,0,1,0,9,2014/15,85,0.0,108,3
4,3,199,5,0.0,249,57001,79,11,4,0.0,6725,0.0,1226,0,1,0,0,0,10,2015/16,85,0.0,63,1
0,3,92,3,116.9,0,57001,69,12,2,49.0,7432,103.0,684,0,0,0,0,0,11,2016/17,75,271.0,29,1
