assists,bonus,bps,clean_sheets,creativity,ea_index,element_code,end_cost,goals_conceded,goals_scored,ict_index,id,influence,minutes,own_goals,penalties_missed,penalties_saved,red_cards,saves,season,season_name,start_cost,threat,total_points,yellow_cards
1,0,9,1,0.0,80,82403,49,13,0,0.0,5080,0.0,616,0,0,0,0,0,8,2013/14,65,0.0,21,1
3,3,232,7,0.0,383,82403,51,24,4,0.0,5802,0.0,1977,0,0,0,0,0,9,2014/15,55,0.0,91,1
5,0,326,6,0.0,353,82403,52,37,2,0.0,6445,0.0,2488,0,0,0,0,0,10,2015/16,55,0.0,85,5
11,13,481,7,606.4,0,82403,58,56,7,221.2,7152,740.4,3019,0,0,0,0,0,11,2016/17,55,865.0,149,8
