assists,bonus,bps,clean_sheets,creativity,ea_index,element_code,end_cost,goals_conceded,goals_scored,ict_index,id,influence,minutes,own_goals,penalties_missed,penalties_saved,red_cards,saves,season,season_name,start_cost,threat,total_points,yellow_cards
0,0,0,0,0.0,14,92170,41,8,0,0.0,4262,0.0,198,0,0,0,0,0,7,2012/13,45,0.0,3,0
0,0,17,0,0.0,47,92170,42,14,0,0.0,4860,0.0,433,0,0,0,0,0,8,2013/14,45,0.0,6,2
1,4,220,4,0.0,135,92170,41,19,0,0.0,5550,0.0,1101,0,0,0,0,0,9,2014/15,45,0.0,44,0
1,2,113,1,0.0,46,92170,42,9,0,0.0,6257,0.0,555,0,0,0,0,0,10,2015/16,45,0.0,17,1
