assists,bonus,bps,clean_sheets,creativity,ea_index,element_code,end_cost,goals_conceded,goals_scored,ict_index,id,influence,minutes,own_goals,penalties_missed,penalties_saved,red_cards,saves,season,season_name,start_cost,threat,total_points,yellow_cards
0,0,65,9,0.0,176,54756,44,14,0,0.0,5112,0.0,1659,0,0,0,0,0,8,2013/14,50,0.0,42,7
1,8,469,8,0.0,324,54756,46,26,3,0.0,5833,0.0,2360,0,0,0,0,0,9,2014/15,45,0.0,80,10
1,0,417,7,0.0,268,54756,42,32,1,0.0,6524,0.0,2495,0,0,0,3,0,10,2015/16,45,0.0,59,4
2,7,578,12,486.0,0,54756,48,25,4,157.7,7281,609.6,3012,0,0,0,0,0,11,2016/17,50,480.0,103,10
