assists,bonus,bps,clean_sheets,creativity,ea_index,element_code,end_cost,goals_conceded,goals_scored,ict_index,id,influence,minutes,own_goals,penalties_missed,penalties_saved,red_cards,saves,season,season_name,start_cost,threat,total_points,yellow_cards
2,8,97,3,0.0,243,91972,45,22,5,0.0,5346,0.0,1419,0,0,0,0,0,8,2013/14,45,0.0,79,0
1,21,477,13,0.0,574,91972,56,46,14,0.0,6051,0.0,2925,0,0,0,0,0,9,2014/15,55,0.0,148,2
0,9,204,7,0.0,226,91972,58,24,4,0.0,6765,0.0,1747,0,2,0,0,0,10,2015/16,65,0.0,68,0
0,0,50,4,73.5,0,91972,60,13,0,40.0,7459,38.4,963,0,0,0,0,0,11,2016/17,65,299.0,26,1
