assists,bonus,bps,clean_sheets,creativity,ea_index,element_code,end_cost,goals_conceded,goals_scored,ict_index,id,influence,minutes,own_goals,penalties_missed,penalties_saved,red_cards,saves,season,season_name,start_cost,threat,total_points,yellow_cards
0,3,51,2,0.0,99,61595,46,13,0,0.0,4883,0.0,831,0,0,0,0,0,8,2013/14,50,0.0,29,0
0,5,280,7,0.0,188,61595,42,16,0,0.0,5583,0.0,1389,0,0,0,0,0,9,2014/15,45,0.0,59,3
0,2,200,1,0.0,111,61595,42,24,0,0.0,6289,0.0,1114,0,0,0,0,0,10,2015/16,45,0.0,23,2
0,3,153,3,59.7,0,61595,40,7,1,28.2,6996,172.4,650,0,0,0,0,0,11,2016/17,45,50.0,34,2
