assists,bonus,bps,clean_sheets,creativity,ea_index,element_code,end_cost,goals_conceded,goals_scored,ict_index,id,influence,minutes,own_goals,penalties_missed,penalties_saved,red_cards,saves,season,season_name,start_cost,threat,total_points,yellow_cards
0,0,0,1,0.0,0,82263,40,5,0,0.0,2802,0.0,360,0,0,0,0,0,5,2010/11,45,0.0,7,3
0,3,0,0,0.0,58,82263,39,7,1,0.0,3402,0.0,331,0,0,0,0,0,6,2011/12,40,0.0,14,0
2,6,75,6,0.0,200,82263,45,22,0,0.0,4958,0.0,1440,0,0,0,1,0,8,2013/14,45,0.0,52,4
5,11,675,15,420.4,0,82263,69,19,6,157.6,7077,618.2,2693,0,0,0,0,0,11,2016/17,60,536.0,177,2
