assists,bonus,bps,clean_sheets,creativity,ea_index,element_code,end_cost,goals_conceded,goals_scored,ict_index,id,influence,minutes,own_goals,penalties_missed,penalties_saved,red_cards,saves,season,season_name,start_cost,threat,total_points,yellow_cards
3,1,78,4,0.0,218,54908,68,24,1,0.0,5187,0.0,1452,0,0,0,0,0,8,2013/14,75,0.0,58,1
6,20,574,7,0.0,564,54908,62,40,11,0.0,5845,0.0,2407,0,0,0,0,0,9,2014/15,60,0.0,160,3
2,3,214,4,0.0,173,54908,66,11,3,0.0,6533,0.0,947,0,0,0,0,0,10,2015/16,70,0.0,65,1
6,8,359,6,538.8,0,54908,58,32,5,148.7,7273,412.0,2135,0,0,0,0,0,11,2016/17,65,543.0,110,2
