assists,bonus,bps,clean_sheets,creativity,ea_index,element_code,end_cost,goals_conceded,goals_scored,ict_index,id,influence,minutes,own_goals,penalties_missed,penalties_saved,red_cards,saves,season,season_name,start_cost,threat,total_points,yellow_cards
3,18,0,8,0.0,322,63370,48,24,5,0.0,3813,0.0,1845,0,0,0,0,0,6,2011/12,45,0.0,101,2
4,10,0,10,0.0,279,63370,56,31,2,0.0,4442,0.0,2343,0,0,0,0,0,7,2012/13,65,0.0,97,4
0,0,0,0,0.0,0,63370,55,0,0,0.0,5129,0.0,0,0,0,0,0,0,8,2013/14,55,0.0,0,0
3,3,346,5,0.0,336,63370,47,40,2,0.0,6586,0.0,2413,0,0,0,1,0,10,2015/16,50,0.0,76,7
3,1,236,2,331.3,0,63370,48,24,1,98.2,7299,288.6,1477,0,0,0,0,0,11,2016/17,50,360.0,52,9
