assists,bonus,bps,clean_sheets,creativity,ea_index,element_code,end_cost,goals_conceded,goals_scored,ict_index,id,influence,minutes,own_goals,penalties_missed,penalties_saved,red_cards,saves,season,season_name,start_cost,threat,total_points,yellow_cards
4,13,0,10,0.0,360,44346,73,23,11,0.0,4571,0.0,2331,0,0,0,1,0,7,2012/13,90,0.0,121,3
9,29,182,16,0.0,716,44346,87,37,16,0.0,5254,0.0,3069,0,0,0,0,0,8,2013/14,85,0.0,187,4
3,16,434,10,0.0,511,44346,87,15,14,0.0,5974,0.0,1861,0,0,0,1,0,9,2014/15,85,0.0,120,5
6,15,581,12,0.0,629,44346,88,26,16,0.0,6689,0.0,2430,1,0,0,0,0,10,2015/16,90,0.0,156,2
5,17,432,4,275.1,0,44346,81,16,12,158.9,7397,522.6,1206,0,0,0,0,0,11,2016/17,90,797.0,116,2
