assists,bonus,bps,clean_sheets,creativity,ea_index,element_code,end_cost,goals_conceded,goals_scored,ict_index,id,influence,minutes,own_goals,penalties_missed,penalties_saved,red_cards,saves,season,season_name,start_cost,threat,total_points,yellow_cards
1,11,0,7,0.0,374,42774,48,56,5,0.0,4420,0.0,3208,0,0,0,0,0,7,2012/13,45,0.0,108,9
1,3,151,13,0.0,408,42774,51,35,2,0.0,5106,0.0,2765,0,0,0,0,0,8,2013/14,55,0.0,84,8
2,12,518,11,0.0,396,42774,55,16,4,0.0,5829,0.0,2186,0,0,0,1,0,9,2014/15,55,0.0,90,5
0,1,394,14,0.0,317,42774,50,21,1,0.0,6521,0.0,2205,0,0,0,0,0,10,2015/16,55,0.0,69,3
0,1,214,5,112.3,0,42774,45,14,1,42.0,7221,216.2,1073,0,0,0,0,0,11,2016/17,50,90.0,37,2
