assists,bonus,bps,clean_sheets,creativity,ea_index,element_code,end_cost,goals_conceded,goals_scored,ict_index,id,influence,minutes,own_goals,penalties_missed,penalties_saved,red_cards,saves,season,season_name,start_cost,threat,total_points,yellow_cards
5,13,0,8,0.0,296,26901,66,24,6,0.0,4665,0.0,1827,0,0,0,0,0,7,2012/13,75,0.0,96,3
7,14,132,12,0.0,588,26901,74,26,9,0.0,5031,0.0,2327,0,0,0,0,0,8,2013/14,75,0.0,144,6
1,2,228,3,0.0,272,26901,72,27,7,0.0,5743,0.0,1421,0,1,0,0,0,9,2014/15,75,0.0,81,3
2,6,198,2,0.0,245,26901,67,18,4,0.0,6454,0.0,1012,0,0,0,2,0,10,2015/16,70,0.0,59,0
8,8,420,11,682.1,0,26901,59,26,4,185.4,7162,439.6,2074,0,0,0,0,0,11,2016/17,65,739.0,119,2
