assists,bonus,bps,clean_sheets,creativity,ea_index,element_code,end_cost,goals_conceded,goals_scored,ict_index,id,influence,minutes,own_goals,penalties_missed,penalties_saved,red_cards,saves,season,season_name,start_cost,threat,total_points,yellow_cards
1,0,0,0,0.0,0,40616,43,21,0,0.0,2629,0.0,1573,0,0,0,1,0,4,2009/10,45,0.0,36,2
2,3,0,2,0.0,0,40616,44,49,1,0.0,3275,0.0,2396,0,0,0,0,0,5,2010/11,45,0.0,66,2
0,11,0,4,0.0,386,40616,42,82,3,0.0,3530,0.0,3420,0,0,0,0,0,6,2011/12,45,0.0,87,2
0,0,98,1,0.0,75,40616,45,11,0,0.0,5645,0.0,624,0,0,0,0,0,9,2014/15,45,0.0,14,3
1,3,596,8,409.9,0,40616,45,53,1,118.3,6908,644.6,3230,0,0,0,0,0,11,2016/17,45,128.0,91,5
