assists,bonus,bps,clean_sheets,creativity,ea_index,element_code,end_cost,goals_conceded,goals_scored,ict_index,id,influence,minutes,own_goals,penalties_missed,penalties_saved,red_cards,saves,season,season_name,start_cost,threat,total_points,yellow_cards
0,0,0,0,0.0,0,69140,45,0,0,0.0,2194,0.0,0,0,0,0,0,0,4,2009/10,45,0.0,0,0
0,0,0,0,0.0,0,69140,40,0,0,0.0,2866,0.0,0,0,0,0,0,0,5,2010/11,40,0.0,0,0
0,0,0,0,0.0,0,69140,50,0,0,0.0,3568,0.0,0,0,0,0,0,0,6,2011/12,50,0.0,0,0
0,0,0,0,0.0,0,69140,40,0,0,0.0,4092,0.0,0,0,0,0,0,0,7,2012/13,40,0.0,0,0
2,8,513,8,159.7,0,69140,58,30,2,112.4,7074,598.2,2274,0,0,0,0,0,11,2016/17,60,364.0,90,11
